dataset,n_sequences,uniqueness,apjd,mpd,jsd_3mer,jsd_gc,jsd_entropy
cs_after_validation,79,100.0,0.707585135145137,0.6868097764390287,0.012199371230238133,0.03132879531464751,0.02512810625952564
