dataset,n_sequences,uniqueness,apjd,mpd,jsd_3mer,jsd_gc,jsd_entropy
cs_q1_after_validation,394,100.0,0.7061321645979364,0.6800321541744966,0.013240734540582092,0.030140698850095363,0.03531600549057516
